<?xml version="1.0" encoding="UTF-8" standalone="no"?>
<assembly xmlns="http://maven.apache.org/plugins/maven-assembly-plugin/assembly/1.1.2" xmlns:xsi="http://www.w3.org/2001/XMLSchema-instance" xsi:schemaLocation="http://maven.apache.org/plugins/maven-assembly-plugin/assembly/1.1.2 http://maven.apache.org/xsd/assembly-1.1.2.xsd">
	<id>bin</id>
	<includeBaseDirectory>false</includeBaseDirectory>
	<formats>
		<format>zip</format>
		<format>tar.gz</format>
	</formats>

	<files>
		<file> <!-- jobInfo.properties -->
			<source>${basedir}/src/main/templates/jobInfo_template.properties
			</source>
			<outputDirectory>.</outputDirectory>
			<destName>jobInfo.properties</destName>
			<filtered>true</filtered>
		</file>
		<file> <!-- sh -->
			<source>${basedir}/src/main/templates/Job_run_template.sh</source>
			<outputDirectory>${talend.job.name}</outputDirectory>
			<destName>${talend.job.name}_run.sh</destName>
			<filtered>true</filtered>
		</file>
		<file> <!-- bat -->
			<source>${basedir}/src/main/templates/Job_run_template.bat</source>
			<outputDirectory>${talend.job.name}</outputDirectory>
			<destName>${talend.job.name}_run.bat</destName>
			<filtered>true</filtered>
		</file>
	</files>

	<fileSets>
		<fileSet>
<!-- templates -->
			<directory>${templates.dir}</directory>
			<outputDirectory>${talend.job.name}/src/main/templates/
			</outputDirectory>
			<includes>
				<include>**</include>
			</includes>
		</fileSet>
		<fileSet>
<!-- log4j resources -->
			<directory>${log4j.resources.dir}</directory>
			<outputDirectory>${output.resources.dir}/
			</outputDirectory>
			<includes>
				<include>log4j.xml</include>
			</includes>
		</fileSet>
		<fileSet>
<!-- log4j.xml for running -->
			<directory>${log4j.running.dir}</directory>
			<outputDirectory>${talend.job.name}</outputDirectory>
			<includes>
				<include>log4j.xml</include>
			</includes>
		</fileSet>
		<fileSet>
<!-- xmlMappings resources -->
			<directory>${xmlMappings.resources.dir}</directory>
			<outputDirectory>${output.resources.dir}/xmlMappings/
			</outputDirectory>
			<includes>
				<include>**/*.*</include>
			</includes>
		</fileSet>
		<fileSet>
<!-- xmlMappings for running -->
			<directory>${xmlMappings.running.dir}</directory>
			<outputDirectory>${talend.job.name}/xmlMappings/
			</outputDirectory>
			<includes>
				<include>**/*.*</include>
			</includes>
		</fileSet>
		<fileSet>
<!-- rules resources -->
			<directory>${rules.resources.dir}</directory>
			<outputDirectory>${output.resources.dir}/rules/
			</outputDirectory>
			<includes>
				<include>**/*.*</include>
			</includes>
		</fileSet>
		<fileSet>
<!-- assembly_*.xml -->
			<directory>${assemblies.dir}</directory>
			<outputDirectory>${talend.job.name}/src/main/assemblies/
			</outputDirectory>
			<includes>
				<include>assembly_${talend.job.name}_${talend.job.version}.xml</include>
			</includes>
		</fileSet>
		<fileSet>
<!-- pom_*.xml -->
			<directory>${poms.dir}</directory>
			<outputDirectory>${talend.job.name}</outputDirectory>
			<includes>
				<include>pom.xml</include>
				<include>pom_routines.xml</include>
				<include>pom_${talend.job.name}_${talend.job.version}.xml</include>
			</includes>
		</fileSet>
		<fileSet>
<!-- pom_pigudfs.xml -->
			<directory>${pigudfs.poms.dir}</directory>
			<outputDirectory>${talend.job.name}</outputDirectory>
			<includes>
				<include>pom_pigudfs.xml</include>
			</includes>
		</fileSet>
		<fileSet> <!-- add items -->
			<directory>${items.dir}</directory>
			<outputDirectory>${talend.job.name}</outputDirectory>
			<includes>
				<include>**</include>
			</includes>
		</fileSet>
		<fileSet> <!-- add java source codes -->
			<directory>${sourcecodes.dir}</directory>
			<outputDirectory>${talend.job.name}/src/main/java/</outputDirectory>
			<includes>
				<include>routines/**</include>
				<include>${talend.job.path}/**</include>
			</includes>
		</fileSet>
		<fileSet> <!-- add PigUDFs source codes -->
			<directory>${pigudfs.sourcecodes.dir}</directory>
			<outputDirectory>${talend.job.name}/src/main/java/</outputDirectory>
			<includes>
				<include>pigudf/**</include>
			</includes>
		</fileSet>
		<fileSet>
<!-- add context resources -->
			<directory>${resources.dir}</directory>
			<outputDirectory>${output.resources.dir}/
			</outputDirectory>
			<includes>
				<include>${talend.job.path}/**</include>
			</includes>
		</fileSet>
		<fileSet>
<!-- add test source codes -->
			<directory>${test.sourcecodes.dir}</directory>
			<outputDirectory>${talend.job.name}/src/test/java/</outputDirectory>
			<includes>
				<include>${talend.job.path}/**</include>
			</includes>
		</fileSet>
		<fileSet>
<!-- add test context resources -->
			<directory>${test.resources.dir}</directory>
			<outputDirectory>${talend.job.name}/src/test/resources/
			</outputDirectory>
			<includes>
				<include>${talend.job.path}/**</include>
			</includes>
		</fileSet>
		<fileSet>
<!-- junits reports -->
			<directory>${test.reports.dir}</directory>
			<outputDirectory>sunfire-reports</outputDirectory>
			<includes>
				<include>**/*.*</include>
			</includes>
		</fileSet>
		<fileSet>
<!-- add context resources for running -->
			<directory>${contexts.running.dir}</directory>
			<outputDirectory>${talend.job.name}</outputDirectory>
			<includes>
				<include>${talend.job.path}/**</include>
			</includes>
		</fileSet>
		<!-- If have children jobs, will add here -->
	<fileSet>
<!--add children pom files.-->
<outputDirectory>${talend.job.name}</outputDirectory>
<directory>${poms.dir}</directory>
<includes>
<include>pom_Data_Masking_Rule_Details_0.1.xml</include>
<include>pom_Data_Masking_Connection_Details_0.1.xml</include>
<include>pom_Data_Masking_Custom_SQL_Details_0.1.xml</include>
</includes>
</fileSet>
<fileSet>
<!--add children src resources files.-->
<outputDirectory>${talend.job.name}/src/main/java/</outputDirectory>
<directory>${sourcecodes.dir}</directory>
<includes>
<include>talend_3rdi_git/data_masking_rule_details_0_1/**</include>
<include>talend_3rdi_git/data_masking_connection_details_0_1/**</include>
<include>talend_3rdi_git/data_masking_custom_sql_details_0_1/**</include>
</includes>
</fileSet>
<fileSet>
<!--add children context files to resources.-->
<outputDirectory>${talend.job.name}/src/main/resources/</outputDirectory>
<directory>${resources.dir}</directory>
<includes>
<include>talend_3rdi_git/data_masking_rule_details_0_1/**</include>
<include>talend_3rdi_git/data_masking_connection_details_0_1/**</include>
<include>talend_3rdi_git/data_masking_custom_sql_details_0_1/**</include>
</includes>
</fileSet>
<fileSet>
<!--add children context files for running.-->
<outputDirectory>${talend.job.name}</outputDirectory>
<directory>${contexts.running.dir}</directory>
<includes>
<include>talend_3rdi_git/data_masking_rule_details_0_1/**</include>
<include>talend_3rdi_git/data_masking_connection_details_0_1/**</include>
<include>talend_3rdi_git/data_masking_custom_sql_details_0_1/**</include>
</includes>
</fileSet>
</fileSets>
	<dependencySets>
		<dependencySet>
			<outputDirectory>lib</outputDirectory>
			<includes>
				<include>${talend.libraries.includes.set}</include>
			</includes>
			<!-- without version for talend libraries -->
			<outputFileNameMapping>${artifact.artifactId}.${artifact.extension}
			</outputFileNameMapping>
			<useProjectArtifact>false</useProjectArtifact>
		</dependencySet>
		<dependencySet>
			<outputDirectory>lib</outputDirectory>
			<excludes>
				<exclude>${talend.libraries.excludes.set}</exclude>
				<exclude>${talend.jobs.excludes.set}</exclude>
			</excludes>
			<useProjectArtifact>false</useProjectArtifact>
		</dependencySet>
		<!-- for children jobs -->
		<dependencySet>
			<outputDirectory>${talend.job.name}</outputDirectory>
			<includes>
				<include>${jobs.binaries.includes.set}</include>
			</includes>
			<outputFileNameMapping>${artifact.build.finalName}.${artifact.extension}</outputFileNameMapping>
			<useProjectArtifact>true</useProjectArtifact>
		</dependencySet>
	</dependencySets>
	<moduleSets>
		<moduleSet>
			<!-- for routines or talend libs -->
			<useAllReactorProjects>true</useAllReactorProjects>
			<includes>
				<include>${routines.binaries.includes.set}</include>
			</includes>
			<binaries>
				<outputDirectory>lib</outputDirectory>
				<includeDependencies>false</includeDependencies>
				<unpack>false</unpack>
				<outputFileNameMapping>${module.artifactId}.${module.extension}
				</outputFileNameMapping>
			</binaries>
		</moduleSet>
		<moduleSet>
			<!-- for pigudfs or talend libs -->
			<useAllReactorProjects>true</useAllReactorProjects>
			<includes>
				<include>${pigudfs.binaries.includes.set}</include>
			</includes>
			<binaries>
				<outputDirectory>lib</outputDirectory>
				<includeDependencies>false</includeDependencies>
				<unpack>false</unpack>
				<outputFileNameMapping>${module.artifactId}.${module.extension}
				</outputFileNameMapping>
			</binaries>
		</moduleSet>
	</moduleSets>
</assembly>
